[{
    "name": "Ulfric.ColonyAddOns.Blocks.WaterBucket",
    "results": [{
        "type": "Ulfric.ColonyAddOns.Blocks.WaterBucket",
        "amount": 1
    }],
    "requires": [{
        "type": "snow",
        "amount": 1
    }],
    "defaultLimit": 0,
    "defaultPriority": -100
}, {
    "name": "Ulfric.ColonyAddOns.Blocks.CarpentryWorkbench",
    "results": [{
        "type": "Ulfric.ColonyAddOns.Blocks.CarpentryWorkbench",
        "amount": 1
    }],
    "requires": [{
        "type": "planks",
        "amount": 1
    }, {
        "type": "coppertools",
        "amount": 2
    }, {
        "type": "coppernails",
        "amount": 5
    }],
    "isOptional": true,
    "defaultLimit": 1,
    "defaultPriority": -100
}, {
    "name": "Ulfric.ColonyAddOns.Blocks.AdvancedStoneMasonryWorkbench",
    "results": [{
        "type": "Ulfric.ColonyAddOns.Blocks.AdvancedStoneMasonryWorkbench",
        "amount": 1
    }],
    "requires": [{
        "type": "stonebricks",
        "amount": 1
    }, {
        "type": "coppertools",
        "amount": 2
    }, {
        "type": "coppernails",
        "amount": 5
    }],
    "isOptional": true,
    "defaultLimit": 1,
    "defaultPriority": -100
}, {
    "name": "Ulfric.ColonyAddOns.Blocks.FletcheryWorkbench",
    "results": [{
        "type": "Ulfric.ColonyAddOns.Blocks.FletcheryWorkbench",
        "amount": 1
    }],
    "requires": [{
        "type": "planks",
        "amount": 1
    }, {
        "type": "bow",
        "amount": 2
    }, {
        "type": "coppertools",
        "amount": 5
    }],
    "isOptional": true,
    "defaultLimit": 1,
    "defaultPriority": -100
}, {
    "name": "Ulfric.ColonyAddOns.Blocks.HeraldStand",
    "results": [{
        "type": "Ulfric.ColonyAddOns.Blocks.HeraldStand",
        "amount": 1
    }],
    "requires": [{
        "type": "bronzeingot",
        "amount": 2
    }, {
        "type": "coppertools",
        "amount": 5
    }],
    "isOptional": true,
    "defaultLimit": 1,
    "defaultPriority": -100
}, {
    "name": "Ulfric.ColonyAddOns.Blocks.BrownPlaster",
    "results": [{
        "type": "Ulfric.ColonyAddOns.Blocks.BrownPlaster",
        "amount": 2
    }],
    "requires": [{
        "type": "planks",
        "amount": 1
    }, {
        "type": "gypsum",
        "amount": 1
    }],
    "defaultPriority": -100,
    "defaultLimit": 1
},{
    "name": "Ulfric.ColonyAddOns.Blocks.AdvancedAgricultureWorkbench",
    "results": [{
        "type": "Ulfric.ColonyAddOns.Blocks.AdvancedAgricultureWorkbench",
        "amount": 1
    }],
    "requires": [{
        "type": "planks",
        "amount": 1
    }, {
        "type": "coppertools",
        "amount": 2
    }, {
        "type": "coppernails",
        "amount": 5
    }],
    "isOptional": true,
    "defaultLimit": 1,
    "defaultPriority": -100
}, {
		"name" : "StoneBrick",
		"results" : [{
		    "type":"stonebricks",
		    "amount":5
		}],
		"requires" : [{
		    "type":"darkstone",
		    "amount":5
		}],
		"defaultLimit" : 0
}]