[
	{
		"blockType" : "Nach0AdvancedPaintersTable",
		"cooldown" : 5,
		"jobType" : "craftingblock",
		"maxCraftsPerHaul" : 10,
		"npcType" : "Nach0AdvancedPainterJob"
	},
	{
		"blockType" : "Nach0BrickLayer",
		"cooldown" : 5,
		"jobType" : "craftingblock",
		"maxCraftsPerHaul" : 10,
		"npcType" : "Nach0BrickLayerJob"
	},
	{
		"blockType" : "Nach0BrickMaker",
		"cooldown" : 5,
		"jobType" : "craftingblock",
		"maxCraftsPerHaul" : 10,
		"npcType" : "Nach0BrickMakerJob"
	},
	{
		"blockType" : "Nach0CarversTable",
		"cooldown" : 5,
		"jobType" : "craftingblock",
		"maxCraftsPerHaul" : 10,
		"npcType" : "Nach0CarverJob"
	},
	{
		"blockType" : "Nach0Chiseler",
		"cooldown" : 5,
		"jobType" : "craftingblock",
		"maxCraftsPerHaul" : 10,
		"npcType" : "Nach0ChiselerJob"
	},
	{
		"blockType" : "Nach0ConcreteLayer",
		"cooldown" : 5,
		"jobType" : "craftingblock",
		"maxCraftsPerHaul" : 10,
		"npcType" : "Nach0ConcreteLayerJob"
	},
	{
		"blockType" : "Nach0Crusher",
		"cooldown" : 5,
		"jobType" : "craftingblock",
		"maxCraftsPerHaul" : 10,
		"npcType" : "Nach0CrusherJob"
	},
	{
		"blockType" : "Nach0Enchanter",
		"cooldown" : 20,
		"jobType" : "craftingblock",
		"maxCraftsPerHaul" : 1,
		"npcType" : "Nach0EnchanterJob"
	},
	{
		"blockType" : "Nach0MagicTable",
		"cooldown" : 35,
		"jobType" : "craftingblock",
		"maxCraftsPerHaul" : 1,
		"npcType" : "Nach0MagicianJob"
	},
	{
		"blockType" : "Nach0Pailer",
		"cooldown" : 2,
		"jobType" : "craftingblock",
		"maxCraftsPerHaul" : 15,
		"npcType" : "Nach0PailerJob"
	},
	{
		"blockType" : "Nach0PaintersTable",
		"cooldown" : 5,
		"jobType" : "craftingblock",
		"maxCraftsPerHaul" : 10,
		"npcType" : "Nach0PainterJob"
	},
	{
		"blockType" : "Nach0Sander",
		"cooldown" : 5,
		"jobType" : "craftingblock",
		"maxCraftsPerHaul" : 10,
		"npcType" : "Nach0SanderJob"
	},
	{
		"blockType" : "Nach0Freezer",
		"cooldown" : 5,
		"jobType" : "craftingblockrotated",
		"maxCraftsPerHaul" : 10,
		"npcType" : "Nach0FreezerJob"
	},
	{
		"blockType" : "Nach0PaintMixer",
		"cooldown" : 5,
		"jobType" : "craftingblockrotated",
		"maxCraftsPerHaul" : 10,
		"npcType" : "Nach0PaintMixerJob"
	},
	{
		"blockType" : "Nach0Melter",
		"cooldown" : 5,
		"jobType" : "craftingblockrotated",
		"maxCraftsPerHaul" : 10,
		"npcType" : "Nach0MelterJob"
	}
]
