{
	"Nach0.Types.Concrete": {
		"categories": [
			"nach0",
			"moreblocks",
			"blocks",
			"concrete",
			"notsmoothed",
			"lightgrey",
			"decorative"
		],
		"icon": "./../textures/icons/Concrete.png",
		"maxStackSize": 200,
		"color": "(128, 128, 128)",
		"onPlaceAudio": "stonePlace",
		"onRemoveAudio": "stoneDelete",
		"sideall": "Nach0.Textures.ConcreteGeneric"
	},
	"Nach0.Types.GreyStainedConcrete": {
		"categories": [
			"nach0",
			"moreblocks",
			"blocks",
			"concrete",
			"notsmoothed",
			"grey",
			"decorative"
		],
		"icon": "./../textures/icons/GreyStainedConcrete.png",
		"maxStackSize": 200,
		"color": "(64, 64, 64)",
		"onPlaceAudio": "stonePlace",
		"onRemoveAudio": "stoneDelete",
		"sideall": "Nach0.Textures.ConcreteGeneric"
	},
	"Nach0.Types.AquaStainedConcrete": {
		"categories": [
			"nach0",
			"moreblocks",
			"blocks",
			"concrete",
			"notsmoothed",
			"aqua",
			"decorative"
		],
		"icon": "./../textures/icons/AquaStainedConcrete.png",
		"maxStackSize": 200,
		"color": "(0, 255, 255)",
		"onPlaceAudio": "stonePlace",
		"onRemoveAudio": "stoneDelete",
		"sideall": "Nach0.Textures.ConcreteGeneric"
	},
	"Nach0.Types.BlackStainedConcrete": {
		"categories": [
			"nach0",
			"moreblocks",
			"blocks",
			"concrete",
			"notsmoothed",
			"black",
			"decorative"
		],
		"icon": "./../textures/icons/BlackStainedConcrete.png",
		"maxStackSize": 200,
		"color": "(0, 0, 0)",
		"onPlaceAudio": "stonePlace",
		"onRemoveAudio": "stoneDelete",
		"sideall": "Nach0.Textures.ConcreteGeneric"
	},
	"Nach0.Types.BlueStainedConcrete": {
		"categories": [
			"nach0",
			"moreblocks",
			"blocks",
			"concrete",
			"notsmoothed",
			"blue",
			"decorative"
		],
		"icon": "./../textures/icons/BlueStainedConcrete.png",
		"maxStackSize": 200,
		"color": "(0, 0, 255)",
		"onPlaceAudio": "stonePlace",
		"onRemoveAudio": "stoneDelete",
		"sideall": "Nach0.Textures.ConcreteGeneric"
	},
	"Nach0.Types.BrownStainedConcrete": {
		"categories": [
			"nach0",
			"moreblocks",
			"blocks",
			"concrete",
			"notsmoothed",
			"brown",
			"decorative"
		],
		"icon": "./../textures/icons/BrownStainedConcrete.png",
		"maxStackSize": 200,
		"color": "(128, 0, 0)",
		"onPlaceAudio": "stonePlace",
		"onRemoveAudio": "stoneDelete",
		"sideall": "Nach0.Textures.ConcreteGeneric"
	},
	"Nach0.Types.DarkGreenStainedConcrete": {
		"categories": [
			"nach0",
			"moreblocks",
			"blocks",
			"concrete",
			"notsmoothed",
			"darkgreen",
			"decorative"
		],
		"icon": "./../textures/icons/DarkGreenStainedConcrete.png",
		"maxStackSize": 200,
		"color": "(0, 128, 0)",
		"onPlaceAudio": "stonePlace",
		"onRemoveAudio": "stoneDelete",
		"sideall": "Nach0.Textures.ConcreteGeneric"
	},
	"Nach0.Types.GreenStainedConcrete": {
		"categories": [
			"nach0",
			"moreblocks",
			"blocks",
			"concrete",
			"notsmoothed",
			"green",
			"decorative"
		],
		"icon": "./../textures/icons/GreenStainedConcrete.png",
		"maxStackSize": 200,
		"color": "(0, 255, 0)",
		"onPlaceAudio": "stonePlace",
		"onRemoveAudio": "stoneDelete",
		"sideall": "Nach0.Textures.ConcreteGeneric"
	},
	"Nach0.Types.LightBlueStainedConcrete": {
		"categories": [
			"nach0",
			"moreblocks",
			"blocks",
			"concrete",
			"notsmoothed",
			"lightblue",
			"decorative"
		],
		"icon": "./../textures/icons/LightBlueStainedConcrete.png",
		"maxStackSize": 200,
		"color": "(0, 128, 255)",
		"onPlaceAudio": "stonePlace",
		"onRemoveAudio": "stoneDelete",
		"sideall": "Nach0.Textures.ConcreteGeneric"
	},
	"Nach0.Types.MagentaStainedConcrete": {
		"categories": [
			"nach0",
			"moreblocks",
			"blocks",
			"concrete",
			"notsmoothed",
			"magenta",
			"decorative"
		],
		"icon": "./../textures/icons/MagentaStainedConcrete.png",
		"maxStackSize": 200,
		"color": "(255, 0, 128)",
		"onPlaceAudio": "stonePlace",
		"onRemoveAudio": "stoneDelete",
		"sideall": "Nach0.Textures.ConcreteGeneric"
	},
	"Nach0.Types.OrangeStainedConcrete": {
		"categories": [
			"nach0",
			"moreblocks",
			"blocks",
			"concrete",
			"notsmoothed",
			"orange",
			"decorative"
		],
		"icon": "./../textures/icons/OrangeStainedConcrete.png",
		"maxStackSize": 200,
		"color": "(255, 128, 0)",
		"onPlaceAudio": "stonePlace",
		"onRemoveAudio": "stoneDelete",
		"sideall": "Nach0.Textures.ConcreteGeneric"
	},
	"Nach0.Types.PinkStainedConcrete": {
		"categories": [
			"nach0",
			"moreblocks",
			"blocks",
			"concrete",
			"notsmoothed",
			"pink",
			"decorative"
		],
		"icon": "./../textures/icons/PinkStainedConcrete.png",
		"maxStackSize": 200,
		"color": "(255, 0, 255)",
		"onPlaceAudio": "stonePlace",
		"onRemoveAudio": "stoneDelete",
		"sideall": "Nach0.Textures.ConcreteGeneric"
	},
	"Nach0.Types.PurpleStainedConcrete": {
		"categories": [
			"nach0",
			"moreblocks",
			"blocks",
			"concrete",
			"notsmoothed",
			"purple",
			"decorative"
		],
		"icon": "./../textures/icons/PurpleStainedConcrete.png",
		"maxStackSize": 200,
		"color": "(128, 0, 255)",
		"onPlaceAudio": "stonePlace",
		"onRemoveAudio": "stoneDelete",
		"sideall": "Nach0.Textures.ConcreteGeneric"
	},
	"Nach0.Types.RedStainedConcrete": {
		"categories": [
			"nach0",
			"moreblocks",
			"blocks",
			"concrete",
			"notsmoothed",
			"red",
			"decorative"
		],
		"icon": "./../textures/icons/RedStainedConcrete.png",
		"maxStackSize": 200,
		"color": "(255, 0, 0)",
		"onPlaceAudio": "stonePlace",
		"onRemoveAudio": "stoneDelete",
		"sideall": "Nach0.Textures.ConcreteGeneric"
	},
	"Nach0.Types.WhiteStainedConcrete": {
		"categories": [
			"nach0",
			"moreblocks",
			"blocks",
			"concrete",
			"notsmoothed",
			"white",
			"decorative"
		],
		"icon": "./../textures/icons/WhiteStainedConcrete.png",
		"maxStackSize": 200,
		"color": "(255, 255, 255)",
		"onPlaceAudio": "stonePlace",
		"onRemoveAudio": "stoneDelete",
		"sideall": "Nach0.Textures.ConcreteGeneric"
	},
	"Nach0.Types.YellowStainedConcrete": {
		"categories": [
			"nach0",
			"moreblocks",
			"blocks",
			"concrete",
			"notsmoothed",
			"yellow",
			"decorative"
		],
		"icon": "./../textures/icons/YellowStainedConcrete.png",
		"maxStackSize": 200,
		"color": "(255, 255, 0)",
		"onPlaceAudio": "stonePlace",
		"onRemoveAudio": "stoneDelete",
		"sideall": "Nach0.Textures.ConcreteGeneric"
	}
}