{
	"Nach0.Types.InfinitePlatniumOre" : {
		"customData" : {
			"minerIsMineable" : true,
			"minerMiningTime" : 15
		},
		"destructionTime" : 7500,
		"onRemoveAudio" : "stoneDelete",
		"onRemoveType" : "Nach0.Types.PlatniumOre",
		"sideall" : "Nach0.Textures.InfinitePlatniumOre"
	},
	"Nach0.Types.InfiniteTitaniumOre" : {
		"customData" : {
			"minerIsMineable" : true,
			"minerMiningTime" : 18.6
		},
		"destructionTime" : 7500,
		"onRemoveAudio" : "stoneDelete",
		"onRemoveType" : "Nach0.Types.TitaniumOre",
		"sideall" : "Nach0.Textures.InfiniteTitaniumOre"
	}
}