{
	"Nach0.Types.ClayBlock1": {
		"categories": [
			"nach0",
			"moreblocks",
			"blocks",
			"resourceblocks",
			"clay",
			"decorative"
		],
		"icon": "./../textures/icons/ClayBlock1.png",
		"maxStackSize": 200,
		"onPlaceAudio" : "dirtPlace",
		"onRemoveAudio" : "grassDelete",
		"sideall": "Nach0.Textures.ClayBlock1"
	},
	"Nach0.Types.CoalBlock1": {
		"categories": [
			"nach0",
			"moreblocks",
			"blocks",
			"resourceblocks",
			"coal",
			"decorative"
		],
		"icon": "./../textures/icons/CoalBlock1.png",
		"maxStackSize": 200,
		"onPlaceAudio": "stonePlace",
		"onRemoveAudio": "stoneDelete",
		"sideall": "Nach0.Textures.CoalBlock1"
	},
	"Nach0.Types.GoldBlock1": {
		"categories": [
			"nach0",
			"moreblocks",
			"blocks",
			"resourceblocks",
			"gold",
			"decorative"
		],
		"icon": "./../textures/icons/GoldBlock1.png",
		"maxStackSize": 200,
		"onPlaceAudio": "stonePlace",
		"onRemoveAudio": "stoneDelete",
		"sideall": "Nach0.Textures.GoldBlock1"
	},
	"Nach0.Types.SteelBlock1": {
		"categories": [
			"nach0",
			"moreblocks",
			"blocks",
			"resourceblocks",
			"steel",
			"decorative"
		],
		"icon": "./../textures/icons/SteelBlock1.png",
		"maxStackSize": 200,
		"onPlaceAudio": "stonePlace",
		"onRemoveAudio": "stoneDelete",
		"sideall": "Nach0.Textures.SteelBlock1"
	},
	"Nach0.Types.CrystalBlock1": {
		"categories": [
			"nach0",
			"moreblocks",
			"blocks",
			"resourceblocks",
			"crystal",
			"decorative"
		],
		"icon": "./../textures/icons/CrystalBlock1.png",
		"maxStackSize": 200,
		"onPlaceAudio": "stonePlace",
		"onRemoveAudio" : "stoneDelete",
		"sideall": "Nach0.Textures.CrystalBlock1"
	},
	"Nach0.Types.MagmaBlock1": {
		"categories": [
			"nach0",
			"moreblocks",
			"blocks",
			"resourceblocks",
			"magma",
			"decorative"
		],
		"icon": "./../textures/icons/MagmaBlock1.png",
		"maxStackSize": 200,
		"onPlaceAudio": "stonePlace",
		"onRemoveAudio" : "stoneDelete",
		"sideall": "Nach0.Textures.MagmaBlock1"
	},
	"Nach0.Types.HayBlock1": {
		"categories": [
			"nach0",
			"moreblocks",
			"blocks",
			"resourceblocks",
			"hay",
			"decorative"
		],
		"icon": "./../textures/icons/HayBlock1.png",
		"maxStackSize": 200,
		"onPlaceAudio" : "dirtPlace",
		"onRemoveAudio" : "grassDelete",
		"sideall": "Nach0.Textures.HayBlock1Sides",
		"sidey+": "Nach0.Textures.HayBlock1TopBottom",
		"sidey-": "Nach0.Textures.HayBlock1TopBottom"
	},
	"Nach0.Types.Cactus1": {
		"categories": [
			"nach0",
			"moreblocks",
			"blocks",
			"resourceblocks",
			"cactus",
			"decorative"
		],
		"icon": "./../textures/icons/Cactus1.png",
		"maxStackSize": 200,
		"onPlaceAudio" : "dirtPlace",
		"onRemoveAudio" : "grassDelete",
		"sideall": "Nach0.Textures.Cactus1Sides",
		"sidey+": "Nach0.Textures.Cactus1TopBottom",
		"sidey-": "Nach0.Textures.Cactus1TopBottom"
	},
	"Nach0.Types.DiamondBlock1": {
		"categories": [
			"nach0",
			"moreblocks",
			"blocks",
			"resourceblocks",
			"diamond",
			"decorative"
		],
		"icon": "./../textures/icons/DiamondBlock1.png",
		"maxStackSize": 200,
		"onPlaceAudio": "stonePlace",
		"onRemoveAudio" : "stoneDelete",
		"sideall": "Nach0.Textures.DiamondBlock1"
	},
	"Nach0.Types.EmeraldBlock1": {
		"categories": [
			"nach0",
			"moreblocks",
			"blocks",
			"resourceblocks",
			"emerald",
			"decorative"
		],
		"icon": "./../textures/icons/EmeraldBlock1.png",
		"maxStackSize": 200,
		"onPlaceAudio": "stonePlace",
		"onRemoveAudio" : "stoneDelete",
		"sideall": "Nach0.Textures.EmeraldBlock1"
	},
	"Nach0.Types.FireBlock1": {
		"categories": [
			"nach0",
			"moreblocks",
			"blocks",
			"resourceblocks",
			"fire",
			"decorative"
		],
		"icon": "./../textures/icons/FireBlock1.png",
		"maxStackSize": 200,
		"onPlaceAudio": "stonePlace",
		"onRemoveAudio" : "stoneDelete",
		"sideall": "Nach0.Textures.FireBlock1"
	},
	"Nach0.Types.Gravel1": {
		"categories": [
			"nach0",
			"moreblocks",
			"blocks",
			"resourceblocks",
			"gravel",
			"decorative"
		],
		"icon": "./../textures/icons/Gravel1.png",
		"maxStackSize": 200,
		"onPlaceAudio": "stonePlace",
		"onRemoveAudio" : "stoneDelete",
		"sideall": "Nach0.Textures.Gravel1"
	},
	"Nach0.Types.IronBlock1": {
		"categories": [
			"nach0",
			"moreblocks",
			"blocks",
			"resourceblocks",
			"iron",
			"decorative"
		],
		"icon": "./../textures/icons/IronBlock1.png",
		"maxStackSize": 200,
		"onPlaceAudio": "stonePlace",
		"onRemoveAudio" : "stoneDelete",
		"sideall": "Nach0.Textures.IronBlock1"
	},
	"Nach0.Types.SapphireBlock1": {
		"categories": [
			"nach0",
			"moreblocks",
			"blocks",
			"resourceblocks",
			"sapphire",
			"decorative"
		],
		"icon": "./../textures/icons/SapphireBlock1.png",
		"maxStackSize": 200,
		"onPlaceAudio": "stonePlace",
		"onRemoveAudio" : "stoneDelete",
		"sideall": "Nach0.Textures.SapphireBlock1"
	},
	"Nach0.Types.RubyBlock1": {
		"categories": [
			"nach0",
			"moreblocks",
			"blocks",
			"resourceblocks",
			"ruby",
			"decorative"
		],
		"icon": "./../textures/icons/RubyBlock1.png",
		"maxStackSize": 200,
		"onPlaceAudio": "stonePlace",
		"onRemoveAudio" : "stoneDelete",
		"sideall": "Nach0.Textures.RubyBlock1"
	}
}