{
	"Nach0.Types.Sand1": {
		"categories": [
			"nach0",
			"moreblocks",
			"blocks",
			"sand",
			"standard",
			"notstone",
			"decorative"
		],
		"icon": "./../textures/icons/Sand1.png",
		"maxStackSize": 200,
		"onPlaceAudio" : "dirtPlace",
		"onRemoveAudio" : "grassDelete",
		"sideall": "Nach0.Textures.Sand1"
	},
	"Nach0.Types.RedSand1": {
		"categories": [
			"nach0",
			"moreblocks",
			"blocks",
			"sand",
			"red",
			"notstone",
			"decorative"
		],
		"icon": "./../textures/icons/RedSand1.png",
		"maxStackSize": 200,
		"onPlaceAudio" : "dirtPlace",
		"onRemoveAudio" : "grassDelete",
		"sideall": "Nach0.Textures.RedSand1"
	}
}