[{
		"defaultLimit": 5,
		"defaultPriority": -100,
		"isOptional": true,
		"name": "Nach0AdvancedPaintersTableCraft-pipliz.crafter",
		"requires": [{
				"amount": 25,
				"type": "coatedplanks"
			},
			{
				"amount": 5,
				"type": "Nach0PaintBrush"
			}
		],
		"results": [{
			"type": "Nach0AdvancedPaintersTable"
		}]
	},
	{
		"defaultLimit": 50,
		"defaultPriority": 0,
		"isOptional": true,
		"name": "Nach0PaintBrushCraft-pipliz.crafter",
		"requires": [{
				"amount": 5,
				"type": "planks"
			},
			{
				"amount": 10,
				"type": "straw"
			}
		],
		"results": [{
			"type": "Nach0PaintBrush"
		}]
	},
	{
		"defaultLimit": 500,
		"defaultPriority": 100,
		"isOptional": false,
		"name": "Nach0CrossCraft-pipliz.crafter",
		"requires": [{
				"amount": 5,
				"type": "planks"
			},
			{
				"amount": 2,
				"type": "goldore"
			}
		],
		"results": [{
			"type": "Nach0Cross"
		}]
	},
	{
		"defaultLimit": 5,
		"defaultPriority": -100,
		"isOptional": true,
		"name": "Nach0CarversTableCraft-pipliz.crafter",
		"requires": [{
				"amount": 10,
				"type": "planks"
			},
			{
				"amount": 5,
				"type": "Nach0Chisel"
			}
		],
		"results": [{
			"type": "Nach0CarversTable"
		}]
	},
	{
		"defaultLimit": 5,
		"defaultPriority": -100,
		"isOptional": true,
		"name": "Nach0PaintersTableCraft-pipliz.crafter",
		"requires": [{
				"amount": 10,
				"type": "planks"
			},
			{
				"amount": 3,
				"type": "Nach0PaintBrush"
			}
		],
		"results": [{
			"type": "Nach0PaintersTable"
		}]
	},
	{
		"defaultLimit": 5,
		"defaultPriority": -100,
		"isOptional": true,
		"name": "Nach0BrickLayerCraft-pipliz.crafter",
		"requires": [{
			"amount": 10,
			"type": "planks"
		}],
		"results": [{
			"type": "Nach0BrickLayer"
		}]
	},
	{
		"defaultLimit": 5,
		"defaultPriority": -100,
		"isOptional": false,
		"name": "Nach0ClayBlockCraft-pipliz.crafter",
		"requires": [{
			"amount": 25,
			"type": "clay"
		}],
		"results": [{
			"amount": 5,
			"type": "Nach0ClayBlock"
		}]
	},
	{
		"defaultLimit": 5,
		"defaultPriority": 100,
		"isOptional": true,
		"name": "BaseNach0ClayCraft-pipliz.crafter",
		"requires": [{
			"amount": 5,
			"type": "Nach0ClayBlock"
		}],
		"results": [{
			"amount": 5,
			"type": "clay"
		}]
	},
	{
		"defaultLimit": 5,
		"defaultPriority": -100,
		"isOptional": false,
		"name": "Nach0CoalBlockCraft-pipliz.crafter",
		"requires": [{
			"amount": 25,
			"type": "coalore"
		}],
		"results": [{
			"amount": 5,
			"type": "Nach0CoalBlock"
		}]
	},
	{
		"defaultLimit": 5,
		"defaultPriority": 100,
		"isOptional": true,
		"name": "BaseNach0CoalOreCraft-pipliz.crafter",
		"requires": [{
			"amount": 5,
			"type": "Nach0CoalBlock"
		}],
		"results": [{
			"amount": 25,
			"type": "coalore"
		}]
	},
	{
		"defaultLimit": 5,
		"defaultPriority": -100,
		"isOptional": false,
		"name": "Nach0GoldBlockCraft-pipliz.crafter",
		"requires": [{
			"amount": 25,
			"type": "goldore"
		}],
		"results": [{
			"amount": 5,
			"type": "Nach0GoldBlock"
		}]
	},
	{
		"defaultLimit": 5,
		"defaultPriority": 100,
		"isOptional": true,
		"name": "BaseNach0GoldOreCraft-pipliz.crafter",
		"requires": [{
			"amount": 5,
			"type": "Nach0GoldBlock"
		}],
		"results": [{
			"amount": 25,
			"type": "goldore"
		}]
	},
	{
		"defaultLimit": 5,
		"defaultPriority": -100,
		"isOptional": true,
		"name": "Nach0ConcreteLayerCraft-pipliz.crafter",
		"requires": [{
			"amount": 1,
			"type": "crate"
		}],
		"results": [{
			"amount": 1,
			"type": "Nach0ConcreteLayer"
		}]
	},
	{
		"defaultLimit": 5,
		"defaultPriority": -100,
		"isOptional": false,
		"name": "Nach0HayCraft-pipliz.crafter",
		"requires": [{
			"amount": 5,
			"type": "straw"
		}],
		"results": [{
			"type": "Nach0Hay"
		}]
	},
	{
		"defaultLimit": 5,
		"defaultPriority": -100,
		"isOptional": true,
		"name": "Nach0SanderCraft-pipliz.crafter",
		"requires": [{
				"amount": 10,
				"type": "planks"
			},
			{
				"amount": 5,
				"type": "Nach0SandPaper"
			}
		],
		"results": [{
			"type": "Nach0Sander"
		}]
	},
	{
		"defaultLimit": 100,
		"defaultPriority": 0,
		"isOptional": true,
		"name": "Nach0PaperCraft-pipliz.crafter",
		"requires": [{
			"amount": 15,
			"type": "flax"
		}],
		"results": [{
			"amount": 3,
			"type": "Nach0Paper"
		}]
	},
	{
		"defaultLimit": 50,
		"defaultPriority": 0,
		"isOptional": true,
		"name": "Nach0SandPaperCraft-pipliz.crafter",
		"requires": [{
				"amount": 1,
				"type": "Nach0Paper"
			},
			{
				"amount": 1,
				"type": "sand"
			}
		],
		"results": [{
			"type": "Nach0SandPaper"
		}]
	}
]