[{
		"defaultLimit": 150,
		"defaultPriority": -100,
		"isOptional": true,
		"name": "Nach0Planks1Craft-pipliz.woodcutter",
		"requires": [{
			"amount": 1,
			"type": "Nach0TreeLog1"
		}],
		"results": [{
			"amount": 4,
			"type": "Nach0Planks1"
		}]
	},
	{
		"defaultLimit": 150,
		"defaultPriority": -100,
		"isOptional": true,
		"name": "Nach0Planks2Craft-pipliz.woodcutter",
		"requires": [{
			"amount": 1,
			"type": "Nach0TreeLog2"
		}],
		"results": [{
			"amount": 4,
			"type": "Nach0Planks2"
		}]
	},
	{
		"defaultLimit": 150,
		"defaultPriority": -100,
		"isOptional": true,
		"name": "Nach0Planks3Craft-pipliz.woodcutter",
		"requires": [{
			"amount": 1,
			"type": "Nach0TreeLog3"
		}],
		"results": [{
			"amount": 4,
			"type": "Nach0Planks3"
		}]
	}, {
		"defaultLimit": 150,
		"defaultPriority": -100,
		"isOptional": true,
		"name": "Nach0Planks4Craft-pipliz.woodcutter",
		"requires": [{
			"amount": 1,
			"type": "Nach0TreeLog4"
		}],
		"results": [{
			"amount": 4,
			"type": "Nach0Planks4"
		}]
	}, {
		"defaultLimit": 150,
		"defaultPriority": -100,
		"isOptional": true,
		"name": "Nach0Planks5Craft-pipliz.woodcutter",
		"requires": [{
			"amount": 1,
			"type": "Nach0TreeLog5"
		}],
		"results": [{
			"amount": 4,
			"type": "Nach0Planks5"
		}]
	}, {
		"defaultLimit": 150,
		"defaultPriority": -100,
		"isOptional": true,
		"name": "Nach0Planks6Craft-pipliz.woodcutter",
		"requires": [{
			"amount": 1,
			"type": "Nach0TreeLog6"
		}],
		"results": [{
			"amount": 4,
			"type": "Nach0Planks6"
		}]
	}
]