[{
		"defaultLimit": 5,
		"defaultPriority": -100,
		"isOptional": true,
		"name": "Nach0BrickMakerCraft-pipliz.stonemason",
		"requires": [{
			"amount": 10,
			"type": "stonebricks"
		}],
		"results": [{
			"type": "Nach0BrickMaker"
		}]
	},
	{
		"defaultLimit": 5,
		"defaultPriority": -100,
		"isOptional": true,
		"name": "Nach0EnchanterCraft-pipliz.stonemason",
		"requires": [{
			"amount": 150,
			"type": "Nach0Rock"
		}, {
			"amount": 250,
			"type": "Nach0Cross"
		}],
		"results": [{
			"type": "Nach0Enchanter"
		}]
	},
	{
		"defaultLimit": 5,
		"defaultPriority": -100,
		"isOptional": true,
		"name": "Nach0ChiselerCraft-pipliz.stonemason",
		"requires": [{
			"amount": 15,
			"type": "stoneblock"
		}, {
			"amount": 5,
			"type": "Nach0Chisel"
		}],
		"results": [{
			"type": "Nach0Chiseler"
		}]
	},
	{
		"defaultLimit": 5,
		"defaultPriority": 100,
		"isOptional": true,
		"name": "Nach0RockCraft-pipliz.stonemason",
		"requires": [{
			"amount": 5,
			"type": "stoneblock"
		}],
		"results": [{
			"amount": 5,
			"type": "Nach0Rock"
		}]
	},
	{
		"defaultLimit": 5,
		"defaultPriority": -100,
		"isOptional": false,
		"name": "Nach0CobblestoneCraft-pipliz.stonemason",
		"requires": [{
			"amount": 5,
			"type": "stoneblock"
		}],
		"results": [{
			"amount": 5,
			"type": "Nach0Cobblestone"
		}]
	},
	{
		"defaultLimit": 5,
		"defaultPriority": 100,
		"isOptional": false,
		"name": "Nach0MossyCobblestoneCraft-pipliz.stonemason",
		"requires": [{
			"amount": 5,
			"type": "stoneblock"
		}],
		"results": [{
			"amount": 5,
			"type": "Nach0MossyCobblestone"
		}]
	}
]