[
	{
		"blockType" : "Nach0.Types.Pailer",
		"cooldown" : 2,
		"jobType" : "craftingblock",
		"maxCraftsPerHaul" : 15,
		"npcType" : "Nach0.Jobs.Pailer"
	},
	{
		"blockType" : "Nach0.Types.PaintMixer",
		"cooldown" : 5,
		"jobType" : "craftingblockrotated",
		"maxCraftsPerHaul" : 10,
		"npcType" : "Nach0.Jobs.PaintMixer"
	},
	{
		"blockType" : "Nach0.Types.AdvancedPaintersTable",
		"cooldown" : 5,
		"jobType" : "craftingblock",
		"maxCraftsPerHaul" : 10,
		"npcType" : "Nach0.Jobs.AdvancedPainter"
	},
	{
		"blockType" : "Nach0.Types.BrickLayer",
		"cooldown" : 5,
		"jobType" : "craftingblock",
		"maxCraftsPerHaul" : 10,
		"npcType" : "Nach0.Jobs.BrickLayer"
	},
	{
		"blockType" : "Nach0.Types.BrickMaker",
		"cooldown" : 5,
		"jobType" : "craftingblock",
		"maxCraftsPerHaul" : 10,
		"npcType" : "Nach0.Jobs.BrickMaker"
	},
	{
		"blockType" : "Nach0.Types.CarversTable",
		"cooldown" : 5,
		"jobType" : "craftingblock",
		"maxCraftsPerHaul" : 10,
		"npcType" : "Nach0.Jobs.Carver"
	},
	{
		"blockType" : "Nach0.Types.Chiseler",
		"cooldown" : 5,
		"jobType" : "craftingblock",
		"maxCraftsPerHaul" : 10,
		"npcType" : "Nach0.Jobs.Chiseler"
	},
	{
		"blockType" : "Nach0.Types.ConcreteLayer",
		"cooldown" : 5,
		"jobType" : "craftingblock",
		"maxCraftsPerHaul" : 10,
		"npcType" : "Nach0.Jobs.ConcreteLayer"
	},
	{
		"blockType" : "Nach0.Types.Crusher",
		"cooldown" : 5,
		"jobType" : "craftingblock",
		"maxCraftsPerHaul" : 10,
		"npcType" : "Nach0.Jobs.Crusher"
	},
	{
		"blockType" : "Nach0.Types.Enchanter",
		"cooldown" : 20,
		"jobType" : "craftingblock",
		"maxCraftsPerHaul" : 1,
		"npcType" : "Nach0.Jobs.Enchanter"
	},
	{
		"blockType" : "Nach0.Types.MagiciansTable",
		"cooldown" : 35,
		"jobType" : "craftingblock",
		"maxCraftsPerHaul" : 1,
		"npcType" : "Nach0.Jobs.Magician"
	},
	{
		"blockType" : "Nach0.Types.PaintersTable",
		"cooldown" : 5,
		"jobType" : "craftingblock",
		"maxCraftsPerHaul" : 10,
		"npcType" : "Nach0.Jobs.Painter"
	},
	{
		"blockType" : "Nach0.Types.Sander",
		"cooldown" : 5,
		"jobType" : "craftingblock",
		"maxCraftsPerHaul" : 10,
		"npcType" : "Nach0.Jobs.Sander"
	},
	{
		"blockType" : "Nach0.Types.Freezer",
		"cooldown" : 5,
		"jobType" : "craftingblockrotated",
		"maxCraftsPerHaul" : 10,
		"npcType" : "Nach0.Jobs.Freezer"
	},
	{
		"blockType" : "Nach0.Types.Melter",
		"cooldown" : 5,
		"jobType" : "craftingblockrotated",
		"maxCraftsPerHaul" : 10,
		"npcType" : "Nach0.Jobs.Melter"
	},
	{
		"blockType" : "Nach0.Types.AlchemistsTable",
		"cooldown" : 50,
		"jobType" : "craftingblock",
		"maxCraftsPerHaul" : 3,
		"npcType" : "Nach0.Jobs.Alchemist"
	},
]